arm,subject,file_name,gesture,n,dist_to_gesture_median,robust_z
right arm,Matthew,Matthew_session01_relabeled_first_gesture_dropped_filtered.npz,neutral,410,0.018118880689144135,-0.836726725101471
right arm,Matthew,Matthew_session02_relabeled_first_gesture_dropped_filtered.npz,neutral,410,0.02262464351952076,-0.5282000303268433
right arm,Matthew,Matthew_session03_relabeled_first_gesture_dropped_filtered.npz,neutral,410,0.03613951429724693,0.3972145915031433
right arm,Matthew,Matthew_session04_relabeled_first_gesture_dropped_filtered.npz,neutral,410,0.024496905505657196,-0.39999911189079285
right arm,Matthew,Matthew_session05_relabeled_first_gesture_dropped_filtered.npz,neutral,410,0.02470341883599758,-0.38585835695266724
right arm,Matthew,Matthew_session06_relabeled_first_gesture_dropped_filtered.npz,neutral,410,0.025135919451713562,-0.35624340176582336
right arm,Matthew,Matthew_session07_relabeled_first_gesture_dropped_filtered.npz,neutral,410,0.026657743379473686,-0.2520383298397064
right arm,Matthew,Matthew_session08_relabeled_first_gesture_dropped_filtered.npz,neutral,410,0.023336278274655342,-0.4794716536998749
right arm,Matthew,Matthew_session09_filtered.npz,neutral,410,0.01974402368068695,-0.7254469990730286
right arm,Matthew,Matthew_session10_filtered.npz,neutral,410,0.018587425351142883,-0.8046436905860901
right arm,Matthew,Matthew_session11_filtered.npz,neutral,410,0.020047280937433243,-0.7046818137168884
right arm,Matthew,Matthew_session12_filtered.npz,neutral,410,0.02050516940653324,-0.6733284592628479
right arm,Matthew,Matthew_session13_filtered.npz,neutral,410,0.018213169649243355,-0.8302704095840454
right arm,Matthew,Matthew_session14_filtered.npz,neutral,410,0.020677097141742706,-0.6615558862686157
right arm,Matthew,Matthew_session15_filtered.npz,neutral,410,0.020532151684165,-0.6714808940887451
right arm,Matthew,Matthew_session16_filtered.npz,neutral,411,0.023666581138968468,-0.45685458183288574
right arm,Matthew,Matthew_session17_filtered.npz,neutral,410,0.024722766131162643,-0.3845335841178894
right arm,Matthew,Matthew_session18_filtered.npz,neutral,410,0.021251671016216278,-0.6222126483917236
right arm,Matthew,Matthew_session19_filtered.npz,neutral,410,0.021997397765517235,-0.5711498856544495
right arm,Matthew,Matthew_session20_filtered.npz,neutral,410,0.019951332360506058,-0.7112517952919006
right arm,Matthew,Matthew_session21_filtered.npz,neutral,410,0.024509869515895844,-0.39911141991615295
right arm,Matthew,Matthew_session22_filtered.npz,neutral,470,0.1779918670654297,10.110384941101074
right arm,subject02,subject02_session01_relabeled_first_gesture_dropped_filtered.npz,neutral,409,0.045752137899398804,1.0554275512695312
right arm,subject02,subject02_session02_relabeled_first_gesture_dropped_filtered.npz,neutral,410,0.028023019433021545,-0.15855267643928528
right arm,subject02,subject02_session03_relabeled_first_gesture_dropped_filtered.npz,neutral,411,0.028066447004675865,-0.15557903051376343
right arm,subject02,subject02_session04_relabeled_first_gesture_dropped_filtered.npz,neutral,410,0.027560541406273842,-0.19022031128406525
right arm,subject02,subject02_session05_relabeled_first_gesture_dropped_filtered.npz,neutral,410,0.024193253368139267,-0.4207913279533386
right arm,subject02,subject02_session06_relabeled_first_gesture_dropped_filtered.npz,neutral,410,0.02577134594321251,-0.31273332238197327
right arm,subject02,subject02_session07_relabeled_first_gesture_dropped_filtered.npz,neutral,410,0.02699931338429451,-0.22864972054958344
right arm,subject03,subject03_session01_relabeled_first_gesture_dropped_filtered.npz,neutral,409,0.022381970658898354,-0.5448167324066162
right arm,subject03,subject03_session02_relabeled_first_gesture_dropped_filtered.npz,neutral,410,0.023912973701953888,-0.4399831295013428
right arm,subject03,subject03_session03_relabeled_first_gesture_dropped_filtered.npz,neutral,410,0.029993722215294838,-0.0236111581325531
right arm,subject03,subject03_session04_relabeled_first_gesture_dropped_filtered.npz,neutral,409,0.0331231988966465,0.1906760185956955
right arm,subject03,subject03_session05_relabeled_first_gesture_dropped_filtered.npz,neutral,410,0.03171820193529129,0.09447052329778671
right arm,subject03,subject03_session06_relabeled_first_gesture_dropped_filtered.npz,neutral,410,0.03276984393596649,0.16648045182228088
right arm,subject04,subject04_session01_relabeled_first_gesture_dropped_filtered.npz,neutral,409,0.03609641268849373,0.39426326751708984
right arm,subject04,subject04_session02_relabeled_first_gesture_dropped_filtered.npz,neutral,410,0.06839434802532196,2.605825901031494
right arm,subject04,subject04_session03_relabeled_first_gesture_dropped_filtered.npz,neutral,410,0.04037155210971832,0.6869983077049255
right arm,subject04,subject04_session04_relabeled_first_gesture_dropped_filtered.npz,neutral,410,0.03033854253590107,0.0
right arm,subject04,subject04_session05_relabeled_first_gesture_dropped_filtered.npz,neutral,410,0.026132481172680855,-0.2880050241947174
right arm,subject05,subject05_session01_relabeled_first_gesture_dropped_filtered.npz,neutral,410,0.019544990733265877,-0.7390755414962769
right arm,subject05,subject05_session02_relabeled_first_gesture_dropped_filtered.npz,neutral,410,0.019358644261956215,-0.7518354058265686
right arm,subject05,subject05_session03_relabeled_first_gesture_dropped_filtered.npz,neutral,410,0.023369478061795235,-0.47719836235046387
right arm,subject05,subject05_session04_relabeled_first_gesture_dropped_filtered.npz,neutral,410,0.058136727660894394,1.9034475088119507
right arm,subject06,subject06_session01_relabeled_first_gesture_dropped_filtered.npz,neutral,410,0.020476818084716797,-0.6752697825431824
right arm,subject06,subject06_session02_relabeled_first_gesture_dropped_filtered.npz,neutral,410,0.020646855235099792,-0.6636266708374023
right arm,subject06,subject06_session03_relabeled_first_gesture_dropped_filtered.npz,neutral,409,0.01902468502521515,-0.7747028470039368
right arm,subject06,subject06_session04_relabeled_first_gesture_dropped_filtered.npz,neutral,410,0.018888916820287704,-0.7839994430541992
right arm,subject06,subject06_session05_relabeled_first_gesture_dropped_filtered.npz,neutral,410,0.01871095970273018,-0.7961848378181458
right arm,subject06,subject06_session06_relabeled_first_gesture_dropped_filtered.npz,neutral,410,0.01804490201175213,-0.8417923450469971
right arm,subject06,subject06_session07_relabeled_first_gesture_dropped_filtered.npz,neutral,410,0.01896931603550911,-0.7784941792488098
right arm,subject06,subject06_session08_relabeled_first_gesture_dropped_filtered.npz,neutral,410,0.019801028072834015,-0.7215436697006226
right arm,subject07,subject07_session01_filtered.npz,neutral,410,0.09354909509420395,4.3282670974731445
right arm,subject07,subject07_session02_filtered.npz,neutral,410,0.07031652331352234,2.7374446392059326
right arm,subject07,subject07_session03_filtered.npz,neutral,410,0.08648907393217087,3.8448405265808105
right arm,subject07,subject07_session04_filtered.npz,neutral,410,0.10204484313726425,4.910003185272217
right arm,subject07,subject07_session05_filtered.npz,neutral,410,0.0767996609210968,3.1813695430755615
right arm,subject07,subject07_session06_filtered.npz,neutral,410,0.06151207163929939,2.1345701217651367
right arm,subject07,subject07_session07_filtered.npz,neutral,410,0.06453476846218109,2.341545820236206
right arm,subject07,subject07_session08_filtered.npz,neutral,410,0.0639425739645958,2.3009960651397705
right arm,subject08,subject08_session01_filtered.npz,neutral,410,0.03390907868742943,0.2444881945848465
right arm,subject08,subject08_session02_filtered.npz,neutral,410,0.029468199238181114,-0.05959571525454521
right arm,subject08,subject08_session03_filtered.npz,neutral,410,0.02788843773305416,-0.16776800155639648
right arm,subject08,subject08_session04_filtered.npz,neutral,410,0.02813452109694481,-0.15091773867607117
right arm,subject08,subject08_session05_filtered.npz,neutral,410,0.02550211176276207,-0.3311688005924225
right arm,subject08,subject08_session06_filtered.npz,neutral,410,0.02660076506435871,-0.2559398412704468
right arm,subject08,subject08_session07_filtered.npz,neutral,410,0.02674216963350773,-0.24625733494758606
right arm,subject09,subject09_session01_filtered.npz,neutral,410,0.03186185285449028,0.10430685430765152
right arm,subject09,subject09_session02_filtered.npz,neutral,410,0.03357052057981491,0.22130583226680756
right arm,subject09,subject09_session03_filtered.npz,neutral,410,0.036566413938999176,0.4264460504055023
right arm,subject09,subject09_session04_filtered.npz,neutral,410,0.04018888995051384,0.674490749835968
right arm,subject09,subject09_session05_filtered.npz,neutral,410,0.04314052686095238,0.8766005635261536
right arm,subject09,subject09_session06_filtered.npz,neutral,410,0.04637358710169792,1.0979804992675781
right arm,subject10,subject10_session01_filtered.npz,neutral,410,0.13320592045783997,7.043720722198486
right arm,subject10,subject10_session02_filtered.npz,neutral,410,0.04492783918976784,0.9989846348762512
right arm,subject10,subject10_session03_filtered.npz,neutral,410,0.3705640435218811,23.296533584594727
right arm,subject10,subject10_session04_filtered.npz,neutral,410,0.056598763912916183,1.7981371879577637
right arm,subject10,subject10_session05_filtered.npz,neutral,410,0.0704934224486351,2.7495574951171875
right arm,subject10,subject10_session06_filtered.npz,neutral,410,0.2038029432296753,11.877767562866211
right arm,subject10,subject10_session07_filtered.npz,neutral,410,0.14241109788417816,7.674034118652344
right arm,subject10,subject10_session08_filtered.npz,neutral,410,0.3843465745449066,24.240276336669922
right arm,subject11,subject11_session01_filtered.npz,neutral,411,0.037191543728113174,0.4692510664463043
right arm,subject11,subject11_session02_filtered.npz,neutral,410,0.039913322776556015,0.6556216478347778
right arm,subject11,subject11_session03_filtered.npz,neutral,410,0.05168784409761429,1.4618679285049438
right arm,subject11,subject11_session04_filtered.npz,neutral,410,0.03975670412182808,0.6448973417282104
right arm,subject11,subject11_session05_filtered.npz,neutral,410,0.04179768264293671,0.7846509218215942
right arm,subject11,subject11_session06_filtered.npz,neutral,410,0.040357522666454315,0.6860376596450806
right arm,subject11,subject11_session07_filtered.npz,neutral,410,0.03401438891887665,0.25169917941093445
right arm,subject12,subject12_session01_filtered.npz,neutral,410,0.07930725067853928,3.353073835372925
right arm,subject12,subject12_session02_filtered.npz,neutral,410,0.06911307573318481,2.6550397872924805
right arm,subject12,subject12_session03_filtered.npz,neutral,410,0.04495014250278473,1.000511884689331
right arm,subject12,subject12_session04_filtered.npz,neutral,410,0.039728403091430664,0.642959475517273
right arm,subject12,subject12_session05_filtered.npz,neutral,410,0.05133794993162155,1.4379092454910278
right arm,subject12,subject12_session06_filtered.npz,neutral,410,0.04632432013750076,1.0946069955825806
right arm,subject12,subject12_session07_filtered.npz,neutral,410,0.05146753042936325,1.446782112121582
right arm,Matthew,Matthew_session01_relabeled_first_gesture_dropped_filtered.npz,left_turn,328,0.03159525245428085,-0.6922435164451599
right arm,Matthew,Matthew_session02_relabeled_first_gesture_dropped_filtered.npz,left_turn,328,0.0388687364757061,-0.3569919466972351
right arm,Matthew,Matthew_session03_relabeled_first_gesture_dropped_filtered.npz,left_turn,328,0.0435614138841629,-0.14069566130638123
right arm,Matthew,Matthew_session04_relabeled_first_gesture_dropped_filtered.npz,left_turn,328,0.04435262084007263,-0.10422711819410324
right arm,Matthew,Matthew_session05_relabeled_first_gesture_dropped_filtered.npz,left_turn,328,0.03749298304319382,-0.4204035997390747
right arm,Matthew,Matthew_session06_relabeled_first_gesture_dropped_filtered.npz,left_turn,328,0.03608183190226555,-0.4854467809200287
right arm,Matthew,Matthew_session07_relabeled_first_gesture_dropped_filtered.npz,left_turn,328,0.030704189091920853,-0.7333146929740906
right arm,Matthew,Matthew_session08_relabeled_first_gesture_dropped_filtered.npz,left_turn,328,0.04576520621776581,-0.03911781683564186
right arm,Matthew,Matthew_session09_filtered.npz,left_turn,410,0.019855260848999023,-1.2333667278289795
right arm,Matthew,Matthew_session10_filtered.npz,left_turn,410,0.027280259877443314,-0.8911314606666565
right arm,Matthew,Matthew_session11_filtered.npz,left_turn,410,0.03281873092055321,-0.6358506083488464
right arm,Matthew,Matthew_session12_filtered.npz,left_turn,410,0.039461567997932434,-0.32966697216033936
right arm,Matthew,Matthew_session13_filtered.npz,left_turn,410,0.029404379427433014,-0.793225884437561
right arm,Matthew,Matthew_session14_filtered.npz,left_turn,410,0.03366860747337341,-0.596677839756012
right arm,Matthew,Matthew_session15_filtered.npz,left_turn,411,0.03044339269399643,-0.7453354001045227
right arm,Matthew,Matthew_session16_filtered.npz,left_turn,410,0.031283922493457794,-0.7065934538841248
right arm,Matthew,Matthew_session17_filtered.npz,left_turn,410,0.0333670973777771,-0.6105751395225525
right arm,Matthew,Matthew_session18_filtered.npz,left_turn,410,0.03276780620217323,-0.6381978392601013
right arm,Matthew,Matthew_session19_filtered.npz,left_turn,410,0.030843304470181465,-0.7269025444984436
right arm,Matthew,Matthew_session20_filtered.npz,left_turn,410,0.030930977314710617,-0.7228615283966064
right arm,Matthew,Matthew_session21_filtered.npz,left_turn,410,0.04122180491685867,-0.24853362143039703
right arm,Matthew,Matthew_session22_filtered.npz,left_turn,470,0.17899934947490692,6.101950168609619
right arm,subject02,subject02_session01_relabeled_first_gesture_dropped_filtered.npz,left_turn,328,0.20554229617118835,7.325375556945801
right arm,subject02,subject02_session02_relabeled_first_gesture_dropped_filtered.npz,left_turn,328,0.06124737113714218,0.674490749835968
right arm,subject02,subject02_session03_relabeled_first_gesture_dropped_filtered.npz,left_turn,328,0.058031175285577774,0.5262488722801208
right arm,subject02,subject02_session04_relabeled_first_gesture_dropped_filtered.npz,left_turn,328,0.0746651366353035,1.2929463386535645
right arm,subject02,subject02_session05_relabeled_first_gesture_dropped_filtered.npz,left_turn,328,0.07036130130290985,1.09457266330719
right arm,subject02,subject02_session06_relabeled_first_gesture_dropped_filtered.npz,left_turn,328,0.09023293852806091,2.0105020999908447
right arm,subject02,subject02_session07_relabeled_first_gesture_dropped_filtered.npz,left_turn,328,0.08546100556850433,1.7905527353286743
right arm,subject03,subject03_session01_relabeled_first_gesture_dropped_filtered.npz,left_turn,328,0.024695973843336105,-1.0102471113204956
right arm,subject03,subject03_session02_relabeled_first_gesture_dropped_filtered.npz,left_turn,328,0.025635644793510437,-0.9669355750083923
right arm,subject03,subject03_session03_relabeled_first_gesture_dropped_filtered.npz,left_turn,328,0.020387640222907066,-1.208828091621399
right arm,subject03,subject03_session04_relabeled_first_gesture_dropped_filtered.npz,left_turn,328,0.020157570019364357,-1.2194325923919678
right arm,subject03,subject03_session05_relabeled_first_gesture_dropped_filtered.npz,left_turn,328,0.03712300956249237,-0.43745651841163635
right arm,subject03,subject03_session06_relabeled_first_gesture_dropped_filtered.npz,left_turn,328,0.03207496181130409,-0.6701326370239258
right arm,subject04,subject04_session01_relabeled_first_gesture_dropped_filtered.npz,left_turn,328,0.0770258828997612,1.4017585515975952
right arm,subject04,subject04_session02_relabeled_first_gesture_dropped_filtered.npz,left_turn,328,0.12874580919742584,3.785649061203003
right arm,subject04,subject04_session03_relabeled_first_gesture_dropped_filtered.npz,left_turn,328,0.12644699215888977,3.6796913146972656
right arm,subject04,subject04_session04_relabeled_first_gesture_dropped_filtered.npz,left_turn,328,0.07919841259717941,1.5018954277038574
right arm,subject04,subject04_session05_relabeled_first_gesture_dropped_filtered.npz,left_turn,328,0.04463057219982147,-0.09141570329666138
right arm,subject05,subject05_session01_relabeled_first_gesture_dropped_filtered.npz,left_turn,328,0.04190545156598091,-0.21702277660369873
right arm,subject05,subject05_session02_relabeled_first_gesture_dropped_filtered.npz,left_turn,328,0.04334675148129463,-0.1505899578332901
right arm,subject05,subject05_session03_relabeled_first_gesture_dropped_filtered.npz,left_turn,328,0.04522839933633804,-0.06386047601699829
right arm,subject05,subject05_session04_relabeled_first_gesture_dropped_filtered.npz,left_turn,328,0.06116403266787529,0.6706494688987732
right arm,subject06,subject06_session01_relabeled_first_gesture_dropped_filtered.npz,left_turn,328,0.05828005075454712,0.5377201437950134
right arm,subject06,subject06_session02_relabeled_first_gesture_dropped_filtered.npz,left_turn,328,0.04255715385079384,-0.18698431551456451
right arm,subject06,subject06_session03_relabeled_first_gesture_dropped_filtered.npz,left_turn,328,0.0390230193734169,-0.3498806953430176
right arm,subject06,subject06_session04_relabeled_first_gesture_dropped_filtered.npz,left_turn,328,0.046179741621017456,-0.020010927692055702
right arm,subject06,subject06_session05_relabeled_first_gesture_dropped_filtered.npz,left_turn,328,0.05586179345846176,0.42625707387924194
right arm,subject06,subject06_session06_relabeled_first_gesture_dropped_filtered.npz,left_turn,327,0.058307282626628876,0.5389752984046936
right arm,subject06,subject06_session07_relabeled_first_gesture_dropped_filtered.npz,left_turn,328,0.04843981936573982,0.08416125178337097
right arm,subject06,subject06_session08_relabeled_first_gesture_dropped_filtered.npz,left_turn,328,0.03750603273510933,-0.41980209946632385
right arm,subject07,subject07_session01_filtered.npz,left_turn,410,0.2721119225025177,10.393722534179688
right arm,subject07,subject07_session02_filtered.npz,left_turn,410,0.2947099506855011,11.435317993164062
right arm,subject07,subject07_session03_filtered.npz,left_turn,410,0.24407577514648438,9.101471900939941
right arm,subject07,subject07_session04_filtered.npz,left_turn,410,0.17820917069911957,6.065528869628906
right arm,subject07,subject07_session05_filtered.npz,left_turn,410,0.2251981794834137,8.23136043548584
right arm,subject07,subject07_session06_filtered.npz,left_turn,410,0.24648958444595337,9.212730407714844
right arm,subject07,subject07_session07_filtered.npz,left_turn,410,0.29618293046951294,11.50321102142334
right arm,subject07,subject07_session08_filtered.npz,left_turn,410,0.25797051191329956,9.741912841796875
right arm,subject08,subject08_session01_filtered.npz,left_turn,410,0.03527884930372238,-0.5224580764770508
right arm,subject08,subject08_session02_filtered.npz,left_turn,410,0.06633374094963074,0.9089332222938538
right arm,subject08,subject08_session03_filtered.npz,left_turn,410,0.07919765263795853,1.501860499382019
right arm,subject08,subject08_session04_filtered.npz,left_turn,410,0.06851218640804291,1.0093427896499634
right arm,subject08,subject08_session05_filtered.npz,left_turn,410,0.08001431077718735,1.5395021438598633
right arm,subject08,subject08_session06_filtered.npz,left_turn,410,0.06073231250047684,0.6507505178451538
right arm,subject08,subject08_session07_filtered.npz,left_turn,410,0.07545579969882965,1.3293898105621338
right arm,subject09,subject09_session01_filtered.npz,left_turn,410,0.026455793529748917,-0.9291329979896545
right arm,subject09,subject09_session02_filtered.npz,left_turn,410,0.03522985428571701,-0.5247163772583008
right arm,subject09,subject09_session03_filtered.npz,left_turn,410,0.03751324489712715,-0.4194696843624115
right arm,subject09,subject09_session04_filtered.npz,left_turn,410,0.040714893490076065,-0.2718983292579651
right arm,subject09,subject09_session05_filtered.npz,left_turn,410,0.046613890677690506,0.0
right arm,subject09,subject09_session06_filtered.npz,left_turn,410,0.04420110583305359,-0.11121079325675964
right arm,subject10,subject10_session01_filtered.npz,left_turn,410,0.10078520327806473,2.496880292892456
right arm,subject10,subject10_session02_filtered.npz,left_turn,410,0.060697849839925766,0.6491620540618896
right arm,subject10,subject10_session03_filtered.npz,left_turn,410,0.09832780808210373,2.383613348007202
right arm,subject10,subject10_session04_filtered.npz,left_turn,410,0.10424798727035522,2.6564879417419434
right arm,subject10,subject10_session05_filtered.npz,left_turn,410,0.10134878754615784,2.522857189178467
right arm,subject10,subject10_session06_filtered.npz,left_turn,410,0.08850011229515076,1.93063223361969
right arm,subject10,subject10_session07_filtered.npz,left_turn,410,0.14666399359703064,4.611539363861084
right arm,subject10,subject10_session08_filtered.npz,left_turn,410,0.7486144304275513,32.35681915283203
right arm,subject11,subject11_session01_filtered.npz,left_turn,410,0.06587275862693787,0.8876854777336121
right arm,subject11,subject11_session02_filtered.npz,left_turn,410,0.04971572384238243,0.14297062158584595
right arm,subject11,subject11_session03_filtered.npz,left_turn,410,0.05475366860628128,0.37518107891082764
right arm,subject11,subject11_session04_filtered.npz,left_turn,410,0.05222008749842644,0.2584024965763092
right arm,subject11,subject11_session05_filtered.npz,left_turn,410,0.060370415449142456,0.6340698599815369
right arm,subject11,subject11_session06_filtered.npz,left_turn,410,0.036616258323192596,-0.46081385016441345
right arm,subject11,subject11_session07_filtered.npz,left_turn,410,0.03267451748251915,-0.642497718334198
right arm,subject12,subject12_session01_filtered.npz,left_turn,409,0.0771416574716568,1.407094955444336
right arm,subject12,subject12_session02_filtered.npz,left_turn,410,0.046934980899095535,0.014799785800278187
right arm,subject12,subject12_session03_filtered.npz,left_turn,410,0.037844300270080566,-0.40421056747436523
right arm,subject12,subject12_session04_filtered.npz,left_turn,410,0.03078979067504406,-0.7293691039085388
right arm,subject12,subject12_session05_filtered.npz,left_turn,410,0.03840917721390724,-0.3781740963459015
right arm,subject12,subject12_session06_filtered.npz,left_turn,410,0.037310417741537094,-0.4288184344768524
right arm,subject12,subject12_session07_filtered.npz,left_turn,410,0.050483252853155136,0.17834779620170593
right arm,Matthew,Matthew_session01_relabeled_first_gesture_dropped_filtered.npz,right_turn,410,0.14889350533485413,0.695293664932251
right arm,Matthew,Matthew_session02_relabeled_first_gesture_dropped_filtered.npz,right_turn,410,0.135810986161232,0.48278841376304626
right arm,Matthew,Matthew_session03_relabeled_first_gesture_dropped_filtered.npz,right_turn,410,0.1337004452943802,0.4485059678554535
right arm,Matthew,Matthew_session04_relabeled_first_gesture_dropped_filtered.npz,right_turn,410,0.11400581896305084,0.12859725952148438
right arm,Matthew,Matthew_session05_relabeled_first_gesture_dropped_filtered.npz,right_turn,410,0.1293104737997055,0.37719765305519104
right arm,Matthew,Matthew_session06_relabeled_first_gesture_dropped_filtered.npz,right_turn,410,0.10608895123004913,0.0
right arm,Matthew,Matthew_session07_relabeled_first_gesture_dropped_filtered.npz,right_turn,410,0.11433707177639008,0.1339779496192932
right arm,Matthew,Matthew_session08_relabeled_first_gesture_dropped_filtered.npz,right_turn,410,0.09696555882692337,-0.14819538593292236
right arm,Matthew,Matthew_session09_filtered.npz,right_turn,410,0.12680527567863464,0.33650460839271545
right arm,Matthew,Matthew_session10_filtered.npz,right_turn,410,0.10852183401584625,0.039518412202596664
right arm,Matthew,Matthew_session11_filtered.npz,right_turn,410,0.1194436103105545,0.2169257551431656
right arm,Matthew,Matthew_session12_filtered.npz,right_turn,410,0.11607647687196732,0.16223187744617462
right arm,Matthew,Matthew_session13_filtered.npz,right_turn,410,0.11682920157909393,0.17445872724056244
right arm,Matthew,Matthew_session14_filtered.npz,right_turn,410,0.12904442846775055,0.3728761672973633
right arm,Matthew,Matthew_session15_filtered.npz,right_turn,410,0.11094234138727188,0.07883580774068832
right arm,Matthew,Matthew_session16_filtered.npz,right_turn,410,0.1129174456000328,0.1109183132648468
right arm,Matthew,Matthew_session17_filtered.npz,right_turn,409,0.13032616674900055,0.39369603991508484
right arm,Matthew,Matthew_session18_filtered.npz,right_turn,410,0.12078433483839035,0.23870374262332916
right arm,Matthew,Matthew_session19_filtered.npz,right_turn,410,0.1079028993844986,0.029464777559041977
right arm,Matthew,Matthew_session20_filtered.npz,right_turn,411,0.12505865097045898,0.30813339352607727
right arm,Matthew,Matthew_session21_filtered.npz,right_turn,410,0.06069894880056381,-0.7372902631759644
right arm,Matthew,Matthew_session22_filtered.npz,right_turn,470,0.22622492909431458,1.951422929763794
right arm,subject02,subject02_session01_relabeled_first_gesture_dropped_filtered.npz,right_turn,409,0.21523478627204895,1.7729049921035767
right arm,subject02,subject02_session02_relabeled_first_gesture_dropped_filtered.npz,right_turn,410,0.14235994219779968,0.5891660451889038
right arm,subject02,subject02_session03_relabeled_first_gesture_dropped_filtered.npz,right_turn,410,0.1476128101348877,0.674490749835968
right arm,subject02,subject02_session04_relabeled_first_gesture_dropped_filtered.npz,right_turn,410,0.13480094075202942,0.4663817882537842
right arm,subject02,subject02_session05_relabeled_first_gesture_dropped_filtered.npz,right_turn,410,0.12934499979019165,0.3777584731578827
right arm,subject02,subject02_session06_relabeled_first_gesture_dropped_filtered.npz,right_turn,410,0.13461072742938995,0.46329209208488464
right arm,subject02,subject02_session07_relabeled_first_gesture_dropped_filtered.npz,right_turn,410,0.13282650709152222,0.4343101680278778
right arm,subject03,subject03_session01_relabeled_first_gesture_dropped_filtered.npz,right_turn,410,0.09441861510276794,-0.18956653773784637
right arm,subject03,subject03_session02_relabeled_first_gesture_dropped_filtered.npz,right_turn,410,0.06098638102412224,-0.7326213717460632
right arm,subject03,subject03_session03_relabeled_first_gesture_dropped_filtered.npz,right_turn,410,0.07610361278057098,-0.4870653748512268
right arm,subject03,subject03_session04_relabeled_first_gesture_dropped_filtered.npz,right_turn,410,0.09307422488927841,-0.21140407025814056
right arm,subject03,subject03_session05_relabeled_first_gesture_dropped_filtered.npz,right_turn,411,0.07222987711429596,-0.5499882102012634
right arm,subject03,subject03_session06_relabeled_first_gesture_dropped_filtered.npz,right_turn,410,0.0663614496588707,-0.645311713218689
right arm,subject04,subject04_session01_relabeled_first_gesture_dropped_filtered.npz,right_turn,411,0.1426534801721573,0.5939341187477112
right arm,subject04,subject04_session02_relabeled_first_gesture_dropped_filtered.npz,right_turn,410,0.187586709856987,1.3238048553466797
right arm,subject04,subject04_session03_relabeled_first_gesture_dropped_filtered.npz,right_turn,410,0.19392897188663483,1.4268250465393066
right arm,subject04,subject04_session04_relabeled_first_gesture_dropped_filtered.npz,right_turn,409,0.20614895224571228,1.6253197193145752
right arm,subject04,subject04_session05_relabeled_first_gesture_dropped_filtered.npz,right_turn,410,0.191382497549057,1.3854615688323975
right arm,subject05,subject05_session01_relabeled_first_gesture_dropped_filtered.npz,right_turn,410,0.03170577064156532,-1.2082396745681763
right arm,subject05,subject05_session02_relabeled_first_gesture_dropped_filtered.npz,right_turn,410,0.030788308009505272,-1.2231422662734985
right arm,subject05,subject05_session03_relabeled_first_gesture_dropped_filtered.npz,right_turn,411,0.02890510857105255,-1.2537319660186768
right arm,subject05,subject05_session04_relabeled_first_gesture_dropped_filtered.npz,right_turn,410,0.03959813341498375,-1.0800403356552124
right arm,subject06,subject06_session01_relabeled_first_gesture_dropped_filtered.npz,right_turn,411,0.0370868444442749,-1.1208323240280151
right arm,subject06,subject06_session02_relabeled_first_gesture_dropped_filtered.npz,right_turn,410,0.03925861418247223,-1.0855553150177002
right arm,subject06,subject06_session03_relabeled_first_gesture_dropped_filtered.npz,right_turn,410,0.036416660994291306,-1.131718397140503
right arm,subject06,subject06_session04_relabeled_first_gesture_dropped_filtered.npz,right_turn,410,0.03200173005461693,-1.2034320831298828
right arm,subject06,subject06_session05_relabeled_first_gesture_dropped_filtered.npz,right_turn,411,0.030775725841522217,-1.2233467102050781
right arm,subject06,subject06_session06_relabeled_first_gesture_dropped_filtered.npz,right_turn,410,0.02965751849114895,-1.2415101528167725
right arm,subject06,subject06_session07_relabeled_first_gesture_dropped_filtered.npz,right_turn,410,0.03232524171471596,-1.1981772184371948
right arm,subject06,subject06_session08_relabeled_first_gesture_dropped_filtered.npz,right_turn,410,0.03402888774871826,-1.170504093170166
right arm,subject07,subject07_session01_filtered.npz,right_turn,410,0.2375667691230774,2.135653495788574
right arm,subject07,subject07_session02_filtered.npz,right_turn,410,0.2501472532749176,2.3400039672851562
right arm,subject07,subject07_session03_filtered.npz,right_turn,410,0.14188817143440247,0.5815028548240662
right arm,subject07,subject07_session04_filtered.npz,right_turn,410,0.12915007770061493,0.37459227442741394
right arm,subject07,subject07_session05_filtered.npz,right_turn,410,0.14805562794208527,0.6816836595535278
right arm,subject07,subject07_session06_filtered.npz,right_turn,410,0.27124881744384766,2.6827661991119385
right arm,subject07,subject07_session07_filtered.npz,right_turn,410,0.19371971487998962,1.4234260320663452
right arm,subject07,subject07_session08_filtered.npz,right_turn,410,0.21668361127376556,1.7964389324188232
right arm,subject08,subject08_session01_filtered.npz,right_turn,410,0.08492063730955124,-0.34384647011756897
right arm,subject08,subject08_session02_filtered.npz,right_turn,410,0.06412563472986221,-0.6816290616989136
right arm,subject08,subject08_session03_filtered.npz,right_turn,410,0.08755314350128174,-0.3010854721069336
right arm,subject08,subject08_session04_filtered.npz,right_turn,410,0.08217135071754456,-0.38850438594818115
right arm,subject08,subject08_session05_filtered.npz,right_turn,410,0.07608307898044586,-0.4873989224433899
right arm,subject08,subject08_session06_filtered.npz,right_turn,410,0.0662272721529007,-0.6474912166595459
right arm,subject08,subject08_session07_filtered.npz,right_turn,410,0.07356633991003036,-0.5282794237136841
right arm,subject09,subject09_session01_filtered.npz,right_turn,410,0.06885994970798492,-0.6047274470329285
right arm,subject09,subject09_session02_filtered.npz,right_turn,410,0.08318790793418884,-0.37199199199676514
right arm,subject09,subject09_session03_filtered.npz,right_turn,410,0.0910377949476242,-0.24448272585868835
right arm,subject09,subject09_session04_filtered.npz,right_turn,410,0.08546087145805359,-0.3350712060928345
right arm,subject09,subject09_session05_filtered.npz,right_turn,410,0.09895621985197067,-0.11586017161607742
right arm,subject09,subject09_session06_filtered.npz,right_turn,410,0.0956369936466217,-0.1697758585214615
right arm,subject10,subject10_session01_filtered.npz,right_turn,410,0.287943035364151,2.9539380073547363
right arm,subject10,subject10_session02_filtered.npz,right_turn,410,0.2147684246301651,1.7653297185897827
right arm,subject10,subject10_session03_filtered.npz,right_turn,410,0.8034167885780334,11.327011108398438
right arm,subject10,subject10_session04_filtered.npz,right_turn,410,0.8101578950881958,11.43651008605957
right arm,subject10,subject10_session05_filtered.npz,right_turn,410,0.6299501061439514,8.509313583374023
right arm,subject10,subject10_session06_filtered.npz,right_turn,410,0.8844136595726013,12.642679214477539
right arm,subject10,subject10_session07_filtered.npz,right_turn,410,1.094146966934204,16.04947280883789
right arm,subject10,subject10_session08_filtered.npz,right_turn,410,1.448468804359436,21.804880142211914
right arm,subject11,subject11_session01_filtered.npz,right_turn,410,0.08117549866437912,-0.404680460691452
right arm,subject11,subject11_session02_filtered.npz,right_turn,410,0.05065101757645607,-0.9005033373832703
right arm,subject11,subject11_session03_filtered.npz,right_turn,410,0.0731542780995369,-0.5349727272987366
right arm,subject11,subject11_session04_filtered.npz,right_turn,410,0.053592074662446976,-0.8527304530143738
right arm,subject11,subject11_session05_filtered.npz,right_turn,410,0.05285033583641052,-0.8647788763046265
right arm,subject11,subject11_session06_filtered.npz,right_turn,410,0.04237731546163559,-1.0348968505859375
right arm,subject11,subject11_session07_filtered.npz,right_turn,410,0.03452445939183235,-1.16245436668396
right arm,subject12,subject12_session01_filtered.npz,right_turn,410,0.06812096387147903,-0.6167311668395996
right arm,subject12,subject12_session02_filtered.npz,right_turn,410,0.06384618580341339,-0.6861683130264282
right arm,subject12,subject12_session03_filtered.npz,right_turn,410,0.0463859848678112,-0.9697822332382202
right arm,subject12,subject12_session04_filtered.npz,right_turn,410,0.04531173035502434,-0.9872317910194397
right arm,subject12,subject12_session05_filtered.npz,right_turn,410,0.05002843216061592,-0.9106162786483765
right arm,subject12,subject12_session06_filtered.npz,right_turn,410,0.05636823549866676,-0.807636022567749
right arm,subject12,subject12_session07_filtered.npz,right_turn,410,0.05076087266206741,-0.8987189531326294
right arm,Matthew,Matthew_session01_relabeled_first_gesture_dropped_filtered.npz,signal_left,410,0.1880364716053009,4.92800760269165
right arm,Matthew,Matthew_session02_relabeled_first_gesture_dropped_filtered.npz,signal_left,410,0.2262534648180008,6.195530414581299
right arm,Matthew,Matthew_session03_relabeled_first_gesture_dropped_filtered.npz,signal_left,410,0.16693741083145142,4.228226661682129
right arm,Matthew,Matthew_session04_relabeled_first_gesture_dropped_filtered.npz,signal_left,410,0.1394624263048172,3.316978693008423
right arm,Matthew,Matthew_session05_relabeled_first_gesture_dropped_filtered.npz,signal_left,410,0.18610543012619019,4.863961696624756
right arm,Matthew,Matthew_session06_relabeled_first_gesture_dropped_filtered.npz,signal_left,410,0.1931353062391281,5.097118377685547
right arm,Matthew,Matthew_session07_relabeled_first_gesture_dropped_filtered.npz,signal_left,410,0.1912316232919693,5.033979892730713
right arm,Matthew,Matthew_session08_relabeled_first_gesture_dropped_filtered.npz,signal_left,410,0.22176554799079895,6.046681880950928
right arm,Matthew,Matthew_session09_filtered.npz,signal_left,410,0.01896175928413868,-0.6796019077301025
right arm,Matthew,Matthew_session10_filtered.npz,signal_left,410,0.015523451380431652,-0.7936384081840515
right arm,Matthew,Matthew_session11_filtered.npz,signal_left,410,0.019115865230560303,-0.674490749835968
right arm,Matthew,Matthew_session12_filtered.npz,signal_left,410,0.01896115392446518,-0.6796219944953918
right arm,Matthew,Matthew_session13_filtered.npz,signal_left,410,0.01523174811154604,-0.8033131957054138
right arm,Matthew,Matthew_session14_filtered.npz,signal_left,410,0.010918846353888512,-0.9463568925857544
right arm,Matthew,Matthew_session15_filtered.npz,signal_left,410,0.01382115762680769,-0.8500974774360657
right arm,Matthew,Matthew_session16_filtered.npz,signal_left,410,0.013397814705967903,-0.8641382455825806
right arm,Matthew,Matthew_session17_filtered.npz,signal_left,410,0.013784707523882389,-0.8513064384460449
right arm,Matthew,Matthew_session18_filtered.npz,signal_left,410,0.013574721291661263,-0.8582708835601807
right arm,Matthew,Matthew_session19_filtered.npz,signal_left,410,0.011569615453481674,-0.9247731566429138
right arm,Matthew,Matthew_session20_filtered.npz,signal_left,411,0.018282592296600342,-0.7021274566650391
right arm,Matthew,Matthew_session21_filtered.npz,signal_left,409,0.03508176654577255,-0.14495831727981567
right arm,Matthew,Matthew_session22_filtered.npz,signal_left,470,0.18300825357437134,4.761239528656006
right arm,subject02,subject02_session01_relabeled_first_gesture_dropped_filtered.npz,signal_left,410,0.19674524664878845,5.216846942901611
right arm,subject02,subject02_session02_relabeled_first_gesture_dropped_filtered.npz,signal_left,410,0.18387357890605927,4.789939880371094
right arm,subject02,subject02_session03_relabeled_first_gesture_dropped_filtered.npz,signal_left,411,0.18026816844940186,4.670360565185547
right arm,subject02,subject02_session04_relabeled_first_gesture_dropped_filtered.npz,signal_left,410,0.19882440567016602,5.2858052253723145
right arm,subject02,subject02_session05_relabeled_first_gesture_dropped_filtered.npz,signal_left,410,0.15213915705680847,3.7374210357666016
right arm,subject02,subject02_session06_relabeled_first_gesture_dropped_filtered.npz,signal_left,409,0.19456517696380615,5.1445417404174805
right arm,subject02,subject02_session07_relabeled_first_gesture_dropped_filtered.npz,signal_left,410,0.2111390233039856,5.69423770904541
right arm,subject03,subject03_session01_relabeled_first_gesture_dropped_filtered.npz,signal_left,410,0.03596719354391098,-0.11559184640645981
right arm,subject03,subject03_session02_relabeled_first_gesture_dropped_filtered.npz,signal_left,411,0.03809884563088417,-0.044892486184835434
right arm,subject03,subject03_session03_relabeled_first_gesture_dropped_filtered.npz,signal_left,410,0.03444437310099602,-0.16609840095043182
right arm,subject03,subject03_session04_relabeled_first_gesture_dropped_filtered.npz,signal_left,411,0.03424405679106712,-0.17274218797683716
right arm,subject03,subject03_session05_relabeled_first_gesture_dropped_filtered.npz,signal_left,409,0.03949452191591263,0.0013971565058454871
right arm,subject03,subject03_session06_relabeled_first_gesture_dropped_filtered.npz,signal_left,410,0.03590996935963631,-0.1174897700548172
right arm,subject04,subject04_session01_relabeled_first_gesture_dropped_filtered.npz,signal_left,410,0.04644784331321716,0.2320142239332199
right arm,subject04,subject04_session02_relabeled_first_gesture_dropped_filtered.npz,signal_left,410,0.049467138946056366,0.3321535587310791
right arm,subject04,subject04_session03_relabeled_first_gesture_dropped_filtered.npz,signal_left,410,0.03840281069278717,-0.03481104224920273
right arm,subject04,subject04_session04_relabeled_first_gesture_dropped_filtered.npz,signal_left,410,0.034097820520401,-0.17759233713150024
right arm,subject04,subject04_session05_relabeled_first_gesture_dropped_filtered.npz,signal_left,410,0.027043364942073822,-0.4115636646747589
right arm,subject05,subject05_session01_relabeled_first_gesture_dropped_filtered.npz,signal_left,410,0.03739558160305023,-0.06821726262569427
right arm,subject05,subject05_session02_relabeled_first_gesture_dropped_filtered.npz,signal_left,410,0.037924930453300476,-0.0506606362760067
right arm,subject05,subject05_session03_relabeled_first_gesture_dropped_filtered.npz,signal_left,410,0.04377841204404831,0.1434786319732666
right arm,subject05,subject05_session04_relabeled_first_gesture_dropped_filtered.npz,signal_left,410,0.07811205089092255,1.2822039127349854
right arm,subject06,subject06_session01_relabeled_first_gesture_dropped_filtered.npz,signal_left,412,0.035979967564344406,-0.11516817659139633
right arm,subject06,subject06_session02_relabeled_first_gesture_dropped_filtered.npz,signal_left,410,0.03387388586997986,-0.18501944839954376
right arm,subject06,subject06_session03_relabeled_first_gesture_dropped_filtered.npz,signal_left,410,0.030031928792595863,-0.3124435842037201
right arm,subject06,subject06_session04_relabeled_first_gesture_dropped_filtered.npz,signal_left,410,0.030350064858794212,-0.30189213156700134
right arm,subject06,subject06_session05_relabeled_first_gesture_dropped_filtered.npz,signal_left,410,0.03527304530143738,-0.13861428201198578
right arm,subject06,subject06_session06_relabeled_first_gesture_dropped_filtered.npz,signal_left,409,0.03666573017835617,-0.09242385625839233
right arm,subject06,subject06_session07_relabeled_first_gesture_dropped_filtered.npz,signal_left,410,0.033622823655605316,-0.1933462917804718
right arm,subject06,subject06_session08_relabeled_first_gesture_dropped_filtered.npz,signal_left,410,0.03158455714583397,-0.26094838976860046
right arm,subject07,subject07_session01_filtered.npz,signal_left,410,0.18552452325820923,4.844695091247559
right arm,subject07,subject07_session02_filtered.npz,signal_left,410,0.1775929480791092,4.581633567810059
right arm,subject07,subject07_session03_filtered.npz,signal_left,409,0.18646886944770813,4.876015663146973
right arm,subject07,subject07_session04_filtered.npz,signal_left,410,0.15775154531002045,3.9235641956329346
right arm,subject07,subject07_session05_filtered.npz,signal_left,409,0.22229519486427307,6.064248085021973
right arm,subject07,subject07_session06_filtered.npz,signal_left,411,0.24408161640167236,6.7868266105651855
right arm,subject07,subject07_session07_filtered.npz,signal_left,410,0.18481551110744476,4.82118034362793
right arm,subject07,subject07_session08_filtered.npz,signal_left,410,0.1578570157289505,3.9270622730255127
right arm,subject08,subject08_session01_filtered.npz,signal_left,411,0.026649054139852524,-0.42464154958724976
right arm,subject08,subject08_session02_filtered.npz,signal_left,410,0.0660097524523735,0.8808135390281677
right arm,subject08,subject08_session03_filtered.npz,signal_left,410,0.04281870648264885,0.11164859682321548
right arm,subject08,subject08_session04_filtered.npz,signal_left,410,0.038476940244436264,-0.032352425158023834
right arm,subject08,subject08_session05_filtered.npz,signal_left,410,0.03793128579854965,-0.05044985190033913
right arm,subject08,subject08_session06_filtered.npz,signal_left,410,0.040853101760149,0.04645644128322601
right arm,subject08,subject08_session07_filtered.npz,signal_left,410,0.03945239633321762,0.0
right arm,subject09,subject09_session01_filtered.npz,signal_left,409,0.033614370971918106,-0.19362664222717285
right arm,subject09,subject09_session02_filtered.npz,signal_left,410,0.03362206369638443,-0.1933715045452118
right arm,subject09,subject09_session03_filtered.npz,signal_left,410,0.09334725886583328,1.7875018119812012
right arm,subject09,subject09_session04_filtered.npz,signal_left,410,0.05971550568938255,0.6720556020736694
right arm,subject09,subject09_session05_filtered.npz,signal_left,410,0.04066608101129532,0.04025362432003021
right arm,subject09,subject09_session06_filtered.npz,signal_left,410,0.046250954270362854,0.22548410296440125
right arm,subject10,subject10_session01_filtered.npz,signal_left,410,0.09129280596971512,1.7193629741668701
right arm,subject10,subject10_session02_filtered.npz,signal_left,410,0.04439830034971237,0.16403813660144806
right arm,subject10,subject10_session03_filtered.npz,signal_left,410,0.07272714376449585,1.1036056280136108
right arm,subject10,subject10_session04_filtered.npz,signal_left,410,0.10296938568353653,2.1066336631774902
right arm,subject10,subject10_session05_filtered.npz,signal_left,410,0.07365569472312927,1.1344023942947388
right arm,subject10,subject10_session06_filtered.npz,signal_left,410,0.092973493039608,1.775105357170105
right arm,subject10,subject10_session07_filtered.npz,signal_left,410,0.10810035467147827,2.2768099308013916
right arm,subject10,subject10_session08_filtered.npz,signal_left,410,0.24586522579193115,6.845983028411865
right arm,subject11,subject11_session01_filtered.npz,signal_left,410,0.03880252316594124,-0.021553993225097656
right arm,subject11,subject11_session02_filtered.npz,signal_left,410,0.03725771978497505,-0.07278965413570404
right arm,subject11,subject11_session03_filtered.npz,signal_left,410,0.03552243113517761,-0.13034303486347198
right arm,subject11,subject11_session04_filtered.npz,signal_left,410,0.03693607822060585,-0.08345736563205719
right arm,subject11,subject11_session05_filtered.npz,signal_left,410,0.033508796244859695,-0.19712817668914795
right arm,subject11,subject11_session06_filtered.npz,signal_left,410,0.03567514568567276,-0.125278040766716
right arm,subject11,subject11_session07_filtered.npz,signal_left,410,0.037109676748514175,-0.07769972085952759
right arm,subject12,subject12_session01_filtered.npz,signal_left,410,0.06588966399431229,0.8768306374549866
right arm,subject12,subject12_session02_filtered.npz,signal_left,410,0.05869961529970169,0.6383621096611023
right arm,subject12,subject12_session03_filtered.npz,signal_left,410,0.060389213263988495,0.6944001317024231
right arm,subject12,subject12_session04_filtered.npz,signal_left,410,0.03484002873301506,-0.1529759168624878
right arm,subject12,subject12_session05_filtered.npz,signal_left,410,0.039156291633844376,-0.009820745326578617
right arm,subject12,subject12_session06_filtered.npz,signal_left,410,0.029645750299096107,-0.3252517580986023
right arm,subject12,subject12_session07_filtered.npz,signal_left,410,0.03478575497865677,-0.1547759771347046
right arm,Matthew,Matthew_session01_relabeled_first_gesture_dropped_filtered.npz,signal_right,410,0.039694637060165405,-0.2860912084579468
right arm,Matthew,Matthew_session02_relabeled_first_gesture_dropped_filtered.npz,signal_right,411,0.05171770602464676,0.025999482721090317
right arm,Matthew,Matthew_session03_relabeled_first_gesture_dropped_filtered.npz,signal_right,410,0.049085989594459534,-0.04231370612978935
right arm,Matthew,Matthew_session04_relabeled_first_gesture_dropped_filtered.npz,signal_right,411,0.05597342178225517,0.13646788895130157
right arm,Matthew,Matthew_session05_relabeled_first_gesture_dropped_filtered.npz,signal_right,410,0.04845762252807617,-0.058624640107154846
right arm,Matthew,Matthew_session06_relabeled_first_gesture_dropped_filtered.npz,signal_right,410,0.05995292216539383,0.23976637423038483
right arm,Matthew,Matthew_session07_relabeled_first_gesture_dropped_filtered.npz,signal_right,410,0.04773712903261185,-0.07732696086168289
right arm,Matthew,Matthew_session08_relabeled_first_gesture_dropped_filtered.npz,signal_right,410,0.04969428852200508,-0.026523690670728683
right arm,Matthew,Matthew_session09_filtered.npz,signal_right,410,0.016069255769252777,-0.8993507027626038
right arm,Matthew,Matthew_session10_filtered.npz,signal_right,410,0.016680408269166946,-0.8834866285324097
right arm,Matthew,Matthew_session11_filtered.npz,signal_right,410,0.017412370070815086,-0.8644865155220032
right arm,Matthew,Matthew_session12_filtered.npz,signal_right,410,0.015960704535245895,-0.9021684527397156
right arm,Matthew,Matthew_session13_filtered.npz,signal_right,410,0.014299076050519943,-0.9453004002571106
right arm,Matthew,Matthew_session14_filtered.npz,signal_right,410,0.015743864700198174,-0.9077970385551453
right arm,Matthew,Matthew_session15_filtered.npz,signal_right,410,0.015686267986893654,-0.9092922210693359
right arm,Matthew,Matthew_session16_filtered.npz,signal_right,410,0.01597122848033905,-0.9018952250480652
right arm,Matthew,Matthew_session17_filtered.npz,signal_right,410,0.016343900933861732,-0.8922215700149536
right arm,Matthew,Matthew_session18_filtered.npz,signal_right,410,0.01806272380053997,-0.8476048707962036
right arm,Matthew,Matthew_session19_filtered.npz,signal_right,409,0.016005249693989754,-0.9010121822357178
right arm,Matthew,Matthew_session20_filtered.npz,signal_right,410,0.016082175076007843,-0.8990153074264526
right arm,Matthew,Matthew_session21_filtered.npz,signal_right,411,0.04465385153889656,-0.15736161172389984
right arm,Matthew,Matthew_session22_filtered.npz,signal_right,470,0.14392271637916565,2.4194252490997314
right arm,subject02,subject02_session01_relabeled_first_gesture_dropped_filtered.npz,signal_right,410,0.19664178788661957,3.787889003753662
right arm,subject02,subject02_session02_relabeled_first_gesture_dropped_filtered.npz,signal_right,410,0.09340867400169373,1.1081992387771606
right arm,subject02,subject02_session03_relabeled_first_gesture_dropped_filtered.npz,signal_right,410,0.14778120815753937,2.519582748413086
right arm,subject02,subject02_session04_relabeled_first_gesture_dropped_filtered.npz,signal_right,410,0.11146572977304459,1.576918125152588
right arm,subject02,subject02_session05_relabeled_first_gesture_dropped_filtered.npz,signal_right,410,0.06145051121711731,0.2786402702331543
right arm,subject02,subject02_session06_relabeled_first_gesture_dropped_filtered.npz,signal_right,410,0.08015737682580948,0.7642266154289246
right arm,subject02,subject02_session07_relabeled_first_gesture_dropped_filtered.npz,signal_right,410,0.11548909544944763,1.6813552379608154
right arm,subject03,subject03_session01_relabeled_first_gesture_dropped_filtered.npz,signal_right,410,0.044497933238744736,-0.16140888631343842
right arm,subject03,subject03_session02_relabeled_first_gesture_dropped_filtered.npz,signal_right,410,0.044386960566043854,-0.1642894744873047
right arm,subject03,subject03_session03_relabeled_first_gesture_dropped_filtered.npz,signal_right,410,0.044891051948070526,-0.151204451918602
right arm,subject03,subject03_session04_relabeled_first_gesture_dropped_filtered.npz,signal_right,409,0.04609574377536774,-0.11993347108364105
right arm,subject03,subject03_session05_relabeled_first_gesture_dropped_filtered.npz,signal_right,409,0.046240512281656265,-0.11617562174797058
right arm,subject03,subject03_session06_relabeled_first_gesture_dropped_filtered.npz,signal_right,410,0.04348780959844589,-0.1876293271780014
right arm,subject04,subject04_session01_relabeled_first_gesture_dropped_filtered.npz,signal_right,410,0.1166376918554306,1.7111700773239136
right arm,subject04,subject04_session02_relabeled_first_gesture_dropped_filtered.npz,signal_right,410,0.1399761289358139,2.316981077194214
right arm,subject04,subject04_session03_relabeled_first_gesture_dropped_filtered.npz,signal_right,410,0.10671006888151169,1.4534722566604614
right arm,subject04,subject04_session04_relabeled_first_gesture_dropped_filtered.npz,signal_right,410,0.09054151177406311,1.033774495124817
right arm,subject04,subject04_session05_relabeled_first_gesture_dropped_filtered.npz,signal_right,410,0.05598101764917374,0.13666506111621857
right arm,subject05,subject05_session01_relabeled_first_gesture_dropped_filtered.npz,signal_right,410,0.027339430525898933,-0.6068033576011658
right arm,subject05,subject05_session02_relabeled_first_gesture_dropped_filtered.npz,signal_right,411,0.027868065983057022,-0.5930812358856201
right arm,subject05,subject05_session03_relabeled_first_gesture_dropped_filtered.npz,signal_right,410,0.03463069349527359,-0.4175392985343933
right arm,subject05,subject05_session04_relabeled_first_gesture_dropped_filtered.npz,signal_right,410,0.028058385476469994,-0.5881410241127014
right arm,subject06,subject06_session01_relabeled_first_gesture_dropped_filtered.npz,signal_right,410,0.024731824174523354,-0.674490749835968
right arm,subject06,subject06_session02_relabeled_first_gesture_dropped_filtered.npz,signal_right,410,0.029440175741910934,-0.5522729754447937
right arm,subject06,subject06_session03_relabeled_first_gesture_dropped_filtered.npz,signal_right,410,0.02631538175046444,-0.6333853006362915
right arm,subject06,subject06_session04_relabeled_first_gesture_dropped_filtered.npz,signal_right,410,0.025901779532432556,-0.6441214084625244
right arm,subject06,subject06_session05_relabeled_first_gesture_dropped_filtered.npz,signal_right,410,0.02063634805381298,-0.7807996869087219
right arm,subject06,subject06_session06_relabeled_first_gesture_dropped_filtered.npz,signal_right,410,0.018731651827692986,-0.8302410840988159
right arm,subject06,subject06_session07_relabeled_first_gesture_dropped_filtered.npz,signal_right,410,0.01934928633272648,-0.8142088651657104
right arm,subject06,subject06_session08_relabeled_first_gesture_dropped_filtered.npz,signal_right,410,0.0199750866740942,-0.7979644536972046
right arm,subject07,subject07_session01_filtered.npz,signal_right,410,0.07292380183935165,0.5764600038528442
right arm,subject07,subject07_session02_filtered.npz,signal_right,410,0.08355862647294998,0.8525151014328003
right arm,subject07,subject07_session03_filtered.npz,signal_right,410,0.10569881647825241,1.427222490310669
right arm,subject07,subject07_session04_filtered.npz,signal_right,410,0.08450372517108917,0.8770476579666138
right arm,subject07,subject07_session05_filtered.npz,signal_right,410,0.08615361899137497,0.9198750257492065
right arm,subject07,subject07_session06_filtered.npz,signal_right,410,0.0764738991856575,0.6686121821403503
right arm,subject07,subject07_session07_filtered.npz,signal_right,410,0.08560247719287872,0.9055686593055725
right arm,subject07,subject07_session08_filtered.npz,signal_right,410,0.09074766933917999,1.0391258001327515
right arm,subject08,subject08_session01_filtered.npz,signal_right,410,0.03268823400139809,-0.46796098351478577
right arm,subject08,subject08_session02_filtered.npz,signal_right,410,0.05694443732500076,0.1616731733083725
right arm,subject08,subject08_session03_filtered.npz,signal_right,410,0.04093098267912865,-0.2539985477924347
right arm,subject08,subject08_session04_filtered.npz,signal_right,410,0.039432674646377563,-0.29289111495018005
right arm,subject08,subject08_session05_filtered.npz,signal_right,410,0.03388846293091774,-0.4368058443069458
right arm,subject08,subject08_session06_filtered.npz,signal_right,410,0.035803794860839844,-0.3870883285999298
right arm,subject08,subject08_session07_filtered.npz,signal_right,410,0.03403906896710396,-0.4328964650630951
right arm,subject09,subject09_session01_filtered.npz,signal_right,410,0.05267325043678284,0.05080317333340645
right arm,subject09,subject09_session02_filtered.npz,signal_right,410,0.04646829143166542,-0.11026301234960556
right arm,subject09,subject09_session03_filtered.npz,signal_right,410,0.06946245580911636,0.48661157488822937
right arm,subject09,subject09_session04_filtered.npz,signal_right,410,0.05407227948307991,0.08711868524551392
right arm,subject09,subject09_session05_filtered.npz,signal_right,410,0.04943525418639183,-0.03324761614203453
right arm,subject09,subject09_session06_filtered.npz,signal_right,411,0.0417214035987854,-0.23348109424114227
right arm,subject10,subject10_session01_filtered.npz,signal_right,410,0.1741938591003418,3.205193281173706
right arm,subject10,subject10_session02_filtered.npz,signal_right,410,0.0599764809012413,0.24037791788578033
right arm,subject10,subject10_session03_filtered.npz,signal_right,410,0.18821625411510468,3.5691819190979004
right arm,subject10,subject10_session04_filtered.npz,signal_right,410,0.09915780276060104,1.2574331760406494
right arm,subject10,subject10_session05_filtered.npz,signal_right,410,0.1088348776102066,1.5086272954940796
right arm,subject10,subject10_session06_filtered.npz,signal_right,410,0.1480138748884201,2.5256221294403076
right arm,subject10,subject10_session07_filtered.npz,signal_right,410,0.23457883298397064,4.772645950317383
right arm,subject10,subject10_session08_filtered.npz,signal_right,410,0.6666475534439087,15.988136291503906
right arm,subject11,subject11_session01_filtered.npz,signal_right,410,0.04344106465578079,-0.18884271383285522
right arm,subject11,subject11_session02_filtered.npz,signal_right,410,0.05283406376838684,0.05497751012444496
right arm,subject11,subject11_session03_filtered.npz,signal_right,410,0.07550396025180817,0.6434348821640015
right arm,subject11,subject11_session04_filtered.npz,signal_right,410,0.0874585434794426,0.9537478089332581
right arm,subject11,subject11_session05_filtered.npz,signal_right,410,0.09575724601745605,1.169162631034851
right arm,subject11,subject11_session06_filtered.npz,signal_right,410,0.04007929936051369,-0.2761062681674957
right arm,subject11,subject11_session07_filtered.npz,signal_right,410,0.0507160946726799,0.0
right arm,subject12,subject12_session01_filtered.npz,signal_right,410,0.072503462433815,0.5655489563941956
right arm,subject12,subject12_session02_filtered.npz,signal_right,410,0.06616291403770447,0.4009632170200348
right arm,subject12,subject12_session03_filtered.npz,signal_right,410,0.11224085837602615,1.5970386266708374
right arm,subject12,subject12_session04_filtered.npz,signal_right,410,0.20034226775169373,3.883944272994995
right arm,subject12,subject12_session05_filtered.npz,signal_right,410,0.09606985747814178,1.1772773265838623
right arm,subject12,subject12_session06_filtered.npz,signal_right,410,0.21716871857643127,4.3207197189331055
right arm,subject12,subject12_session07_filtered.npz,signal_right,410,0.12179917097091675,1.8451499938964844
right arm,Matthew,Matthew_session01_relabeled_first_gesture_dropped_filtered.npz,horn,410,0.17736390233039856,4.3501434326171875
right arm,Matthew,Matthew_session02_relabeled_first_gesture_dropped_filtered.npz,horn,410,0.11185010522603989,1.7653579711914062
right arm,Matthew,Matthew_session03_relabeled_first_gesture_dropped_filtered.npz,horn,410,0.10353723913431168,1.437381625175476
right arm,Matthew,Matthew_session04_relabeled_first_gesture_dropped_filtered.npz,horn,411,0.06370207667350769,-0.13427749276161194
right arm,Matthew,Matthew_session05_relabeled_first_gesture_dropped_filtered.npz,horn,410,0.13448432087898254,2.658369779586792
right arm,Matthew,Matthew_session06_relabeled_first_gesture_dropped_filtered.npz,horn,410,0.0646805390715599,-0.09567317366600037
right arm,Matthew,Matthew_session07_relabeled_first_gesture_dropped_filtered.npz,horn,410,0.07821954786777496,0.4384957551956177
right arm,Matthew,Matthew_session08_relabeled_first_gesture_dropped_filtered.npz,horn,410,0.09138452261686325,0.9579075574874878
right arm,Matthew,Matthew_session09_filtered.npz,horn,410,0.06710546463727951,0.0
right arm,Matthew,Matthew_session10_filtered.npz,horn,410,0.07558465749025345,0.33453863859176636
right arm,Matthew,Matthew_session11_filtered.npz,horn,410,0.04351026937365532,-0.9309263825416565
right arm,Matthew,Matthew_session12_filtered.npz,horn,410,0.059532735496759415,-0.29877495765686035
right arm,Matthew,Matthew_session13_filtered.npz,horn,409,0.05775783583521843,-0.36880195140838623
right arm,Matthew,Matthew_session14_filtered.npz,horn,410,0.031342070549726486,-1.4110112190246582
right arm,Matthew,Matthew_session15_filtered.npz,horn,410,0.0579071119427681,-0.3629124164581299
right arm,Matthew,Matthew_session16_filtered.npz,horn,410,0.04340427368879318,-0.9351083040237427
right arm,Matthew,Matthew_session17_filtered.npz,horn,410,0.04124678298830986,-1.0202300548553467
right arm,Matthew,Matthew_session18_filtered.npz,horn,410,0.04423585534095764,-0.9022990465164185
right arm,Matthew,Matthew_session19_filtered.npz,horn,411,0.06833505630493164,0.04851238802075386
right arm,Matthew,Matthew_session20_filtered.npz,horn,410,0.04351013898849487,-0.9309315085411072
right arm,Matthew,Matthew_session21_filtered.npz,horn,410,0.0882980078458786,0.8361319899559021
right arm,Matthew,Matthew_session22_filtered.npz,horn,470,0.17123699188232422,4.108412265777588
right arm,subject02,subject02_session01_relabeled_first_gesture_dropped_filtered.npz,horn,409,0.11053631454706192,1.7135236263275146
right arm,subject02,subject02_session02_relabeled_first_gesture_dropped_filtered.npz,horn,410,0.06904471665620804,0.07651137560606003
right arm,subject02,subject02_session03_relabeled_first_gesture_dropped_filtered.npz,horn,410,0.0565238855779171,-0.417486310005188
right arm,subject02,subject02_session04_relabeled_first_gesture_dropped_filtered.npz,horn,409,0.05406845733523369,-0.5143629312515259
right arm,subject02,subject02_session05_relabeled_first_gesture_dropped_filtered.npz,horn,410,0.047126684337854385,-0.7882440686225891
right arm,subject02,subject02_session06_relabeled_first_gesture_dropped_filtered.npz,horn,410,0.04707843437790871,-0.7901477813720703
right arm,subject02,subject02_session07_relabeled_first_gesture_dropped_filtered.npz,horn,410,0.04719269648194313,-0.7856396436691284
right arm,subject03,subject03_session01_relabeled_first_gesture_dropped_filtered.npz,horn,410,0.051813844591379166,-0.6033165454864502
right arm,subject03,subject03_session02_relabeled_first_gesture_dropped_filtered.npz,horn,410,0.057069532573223114,-0.3959583044052124
right arm,subject03,subject03_session03_relabeled_first_gesture_dropped_filtered.npz,horn,410,0.058890942484140396,-0.32409629225730896
right arm,subject03,subject03_session04_relabeled_first_gesture_dropped_filtered.npz,horn,411,0.05140729993581772,-0.6193563938140869
right arm,subject03,subject03_session05_relabeled_first_gesture_dropped_filtered.npz,horn,411,0.05848993360996246,-0.33991771936416626
right arm,subject03,subject03_session06_relabeled_first_gesture_dropped_filtered.npz,horn,410,0.0583500936627388,-0.3454349637031555
right arm,subject04,subject04_session01_relabeled_first_gesture_dropped_filtered.npz,horn,409,0.07072111964225769,0.14265228807926178
right arm,subject04,subject04_session02_relabeled_first_gesture_dropped_filtered.npz,horn,410,0.1521667242050171,3.3560123443603516
right arm,subject04,subject04_session03_relabeled_first_gesture_dropped_filtered.npz,horn,410,0.09127319604158401,0.9535152316093445
right arm,subject04,subject04_session04_relabeled_first_gesture_dropped_filtered.npz,horn,410,0.07595659047365189,0.3492128849029541
right arm,subject04,subject04_session05_relabeled_first_gesture_dropped_filtered.npz,horn,410,0.07804063707590103,0.43143701553344727
right arm,subject05,subject05_session01_relabeled_first_gesture_dropped_filtered.npz,horn,410,0.07854407280683517,0.4512995779514313
right arm,subject05,subject05_session02_relabeled_first_gesture_dropped_filtered.npz,horn,410,0.07864193618297577,0.4551607072353363
right arm,subject05,subject05_session03_relabeled_first_gesture_dropped_filtered.npz,horn,409,0.08398628979921341,0.6660171747207642
right arm,subject05,subject05_session04_relabeled_first_gesture_dropped_filtered.npz,horn,410,0.07184964418411255,0.1871771663427353
right arm,subject06,subject06_session01_relabeled_first_gesture_dropped_filtered.npz,horn,410,0.07160601019859314,0.1775648146867752
right arm,subject06,subject06_session02_relabeled_first_gesture_dropped_filtered.npz,horn,410,0.07250978797674179,0.21322251856327057
right arm,subject06,subject06_session03_relabeled_first_gesture_dropped_filtered.npz,horn,410,0.06846458464860916,0.053622808307409286
right arm,subject06,subject06_session04_relabeled_first_gesture_dropped_filtered.npz,horn,410,0.06269409507513046,-0.17404645681381226
right arm,subject06,subject06_session05_relabeled_first_gesture_dropped_filtered.npz,horn,410,0.05859595164656639,-0.33573487401008606
right arm,subject06,subject06_session06_relabeled_first_gesture_dropped_filtered.npz,horn,410,0.05451098084449768,-0.49690356850624084
right arm,subject06,subject06_session07_relabeled_first_gesture_dropped_filtered.npz,horn,410,0.05983348935842514,-0.28690898418426514
right arm,subject06,subject06_session08_relabeled_first_gesture_dropped_filtered.npz,horn,409,0.06111785024404526,-0.23623572289943695
right arm,subject07,subject07_session01_filtered.npz,horn,410,0.1901022046804428,4.852721214294434
right arm,subject07,subject07_session02_filtered.npz,horn,410,0.19328777492046356,4.978405475616455
right arm,subject07,subject07_session03_filtered.npz,horn,410,0.2432936578989029,6.951340675354004
right arm,subject07,subject07_session04_filtered.npz,horn,410,0.2253563553094864,6.243641376495361
right arm,subject07,subject07_session05_filtered.npz,horn,410,0.16218902170658112,3.7514328956604004
right arm,subject07,subject07_session06_filtered.npz,horn,410,0.15775728225708008,3.576582670211792
right arm,subject07,subject07_session07_filtered.npz,horn,410,0.1841745227575302,4.618850231170654
right arm,subject07,subject07_session08_filtered.npz,horn,411,0.19104993343353271,4.890113353729248
right arm,subject08,subject08_session01_filtered.npz,horn,410,0.056540317833423615,-0.41683799028396606
right arm,subject08,subject08_session02_filtered.npz,horn,410,0.0552162230014801,-0.4690788984298706
right arm,subject08,subject08_session03_filtered.npz,horn,410,0.05761253461241722,-0.3745346665382385
right arm,subject08,subject08_session04_filtered.npz,horn,410,0.058676302433013916,-0.33256471157073975
right arm,subject08,subject08_session05_filtered.npz,horn,410,0.06131799891591072,-0.2283390462398529
right arm,subject08,subject08_session06_filtered.npz,horn,410,0.06172758340835571,-0.2121792733669281
right arm,subject08,subject08_session07_filtered.npz,horn,410,0.06416021287441254,-0.11620215326547623
right arm,subject09,subject09_session01_filtered.npz,horn,410,0.08027130365371704,0.5194458961486816
right arm,subject09,subject09_session02_filtered.npz,horn,410,0.03712248429656029,-1.182950496673584
right arm,subject09,subject09_session03_filtered.npz,horn,409,0.03626912459731102,-1.2166190147399902
right arm,subject09,subject09_session04_filtered.npz,horn,410,0.051068566739559174,-0.6327208280563354
right arm,subject09,subject09_session05_filtered.npz,horn,409,0.036518339067697525,-1.2067863941192627
right arm,subject09,subject09_session06_filtered.npz,horn,410,0.03646045923233032,-1.209070086479187
right arm,subject10,subject10_session01_filtered.npz,horn,410,0.12052532285451889,2.107630491256714
right arm,subject10,subject10_session02_filtered.npz,horn,410,0.07741200923919678,0.4066350758075714
right arm,subject10,subject10_session03_filtered.npz,horn,410,0.1576690375804901,3.573101043701172
right arm,subject10,subject10_session04_filtered.npz,horn,410,0.13793900609016418,2.794671058654785
right arm,subject10,subject10_session05_filtered.npz,horn,410,0.1172957643866539,1.9802113771438599
right arm,subject10,subject10_session06_filtered.npz,horn,410,0.10404649376869202,1.4574737548828125
right arm,subject10,subject10_session07_filtered.npz,horn,410,0.13831020891666412,2.809316635131836
right arm,subject10,subject10_session08_filtered.npz,horn,410,0.8695133328437805,31.658252716064453
right arm,subject11,subject11_session01_filtered.npz,horn,410,0.07681389898061752,0.3830372095108032
right arm,subject11,subject11_session02_filtered.npz,horn,410,0.09247948229312897,1.001108169555664
right arm,subject11,subject11_session03_filtered.npz,horn,410,0.09021369367837906,0.9117135405540466
right arm,subject11,subject11_session04_filtered.npz,horn,410,0.0840543657541275,0.668703019618988
right arm,subject11,subject11_session05_filtered.npz,horn,410,0.08420106023550034,0.674490749835968
right arm,subject11,subject11_session06_filtered.npz,horn,410,0.0489291250705719,-0.7171304821968079
right arm,subject11,subject11_session07_filtered.npz,horn,410,0.04950832575559616,-0.6942786574363708
right arm,subject12,subject12_session01_filtered.npz,horn,410,0.07524152100086212,0.32100048661231995
right arm,subject12,subject12_session02_filtered.npz,horn,411,0.06549103558063507,-0.06369578838348389
right arm,subject12,subject12_session03_filtered.npz,horn,410,0.046352434903383255,-0.818791389465332
right arm,subject12,subject12_session04_filtered.npz,horn,410,0.04190363362431526,-0.9943146705627441
right arm,subject12,subject12_session05_filtered.npz,horn,410,0.03969587758183479,-1.081419587135315
right arm,subject12,subject12_session06_filtered.npz,horn,410,0.04386207461357117,-0.9170461893081665
right arm,subject12,subject12_session07_filtered.npz,horn,410,0.04824398458003998,-0.7441620826721191
left arm,Matthew,Matthew_session01_filtered.npz,neutral,410,0.12193833291530609,0.909557044506073
left arm,Matthew,Matthew_session02_filtered.npz,neutral,410,0.07296281307935715,-0.5101747512817383
left arm,Matthew,Matthew_session03_filtered.npz,neutral,410,0.09109636396169662,0.015491518191993237
left arm,Matthew,Matthew_session04_filtered.npz,neutral,410,0.04885425418615341,-1.2090481519699097
left arm,Matthew,Matthew_session05_filtered.npz,neutral,410,0.05167084559798241,-1.1273990869522095
left arm,Matthew,Matthew_session06_filtered.npz,neutral,410,0.04909147694706917,-1.2021713256835938
left arm,Matthew,Matthew_session07_filtered.npz,neutral,410,0.04916244372725487,-1.200114130973816
left arm,Matthew,Matthew_session08_filtered.npz,neutral,410,0.051875460892915726,-1.1214675903320312
left arm,Matthew,Matthew_session09_filtered.npz,neutral,410,0.07671571522951126,-0.4013833701610565
left arm,Matthew,Matthew_session10_filtered.npz,neutral,410,0.06729451566934586,-0.674490749835968
left arm,subject08,subject08_session01_filtered.npz,neutral,410,0.17819525301456451,2.5403664112091064
left arm,subject08,subject08_session02_filtered.npz,neutral,410,0.09854220598936081,0.2313360571861267
left arm,subject08,subject08_session03_filtered.npz,neutral,410,0.09360357373952866,0.08817201852798462
left arm,subject08,subject08_session04_filtered.npz,neutral,410,0.09007423371076584,-0.014138607308268547
left arm,subject08,subject08_session05_filtered.npz,neutral,410,0.09056196361780167,0.0
left arm,subject08,subject08_session06_filtered.npz,neutral,410,0.08958945423364639,-0.028191685676574707
left arm,subject08,subject08_session07_filtered.npz,neutral,410,0.09176817536354065,0.03496639057993889
left arm,subject12,subject12_session01_filtered.npz,neutral,410,0.15816985070705414,1.9598580598831177
left arm,subject12,subject12_session02_filtered.npz,neutral,410,0.5487743020057678,13.28293514251709
left arm,subject12,subject12_session04_filtered.npz,neutral,410,0.07427124679088593,-0.47224509716033936
left arm,subject12,subject12_session05_filtered.npz,neutral,410,0.10709502547979355,0.479270339012146
left arm,subject12,subject12_session06_filtered.npz,neutral,410,0.2658229172229767,5.080570220947266
left arm,subject12,subject12_session07_filtered.npz,neutral,410,0.14620304107666016,1.6129570007324219
left arm,Matthew,Matthew_session01_filtered.npz,left_turn,410,0.1408570259809494,0.8310415148735046
left arm,Matthew,Matthew_session02_filtered.npz,left_turn,410,0.10008016973733902,0.0
left arm,Matthew,Matthew_session03_filtered.npz,left_turn,410,0.10592611134052277,0.1191416084766388
left arm,Matthew,Matthew_session04_filtered.npz,left_turn,410,0.04843055456876755,-1.0526307821273804
left arm,Matthew,Matthew_session05_filtered.npz,left_turn,410,0.04939192160964012,-1.0330379009246826
left arm,Matthew,Matthew_session06_filtered.npz,left_turn,410,0.049776069819927216,-1.0252089500427246
left arm,Matthew,Matthew_session07_filtered.npz,left_turn,410,0.050353869795799255,-1.0134332180023193
left arm,Matthew,Matthew_session08_filtered.npz,left_turn,410,0.06227085739374161,-0.7705623507499695
left arm,Matthew,Matthew_session09_filtered.npz,left_turn,410,0.06796986609697342,-0.6544152498245239
left arm,Matthew,Matthew_session10_filtered.npz,left_turn,410,0.06007711589336395,-0.815271258354187
left arm,subject08,subject08_session01_filtered.npz,left_turn,410,0.181800976395607,1.6654884815216064
left arm,subject08,subject08_session02_filtered.npz,left_turn,410,0.12851247191429138,0.5794567465782166
left arm,subject08,subject08_session03_filtered.npz,left_turn,410,0.1293325573205948,0.5961702466011047
left arm,subject08,subject08_session04_filtered.npz,left_turn,410,0.12476688623428345,0.5031208395957947
left arm,subject08,subject08_session05_filtered.npz,left_turn,410,0.12519924342632294,0.511932373046875
left arm,subject08,subject08_session06_filtered.npz,left_turn,410,0.12418016046285629,0.4911632537841797
left arm,subject08,subject08_session07_filtered.npz,left_turn,410,0.13317552208900452,0.674490749835968
left arm,subject12,subject12_session01_filtered.npz,left_turn,410,0.09538739174604416,-0.09563987702131271
left arm,subject12,subject12_session02_filtered.npz,left_turn,410,0.6116199493408203,10.42529582977295
left arm,subject12,subject12_session04_filtered.npz,left_turn,410,0.050275977700948715,-1.015020728111267
left arm,subject12,subject12_session05_filtered.npz,left_turn,410,0.08327259868383408,-0.3425420820713043
left arm,subject12,subject12_session06_filtered.npz,left_turn,410,0.25183358788490295,3.092769145965576
left arm,subject12,subject12_session07_filtered.npz,left_turn,410,0.08107541501522064,-0.38732120394706726
left arm,Matthew,Matthew_session01_filtered.npz,right_turn,410,0.2021622657775879,7.0020365715026855
left arm,Matthew,Matthew_session02_filtered.npz,right_turn,409,0.17296774685382843,4.457151412963867
left arm,Matthew,Matthew_session03_filtered.npz,right_turn,410,0.17909018695354462,4.990844249725342
left arm,Matthew,Matthew_session04_filtered.npz,right_turn,410,0.13998791575431824,1.582301139831543
left arm,Matthew,Matthew_session05_filtered.npz,right_turn,410,0.13398811221122742,1.0592985153198242
left arm,Matthew,Matthew_session06_filtered.npz,right_turn,410,0.11962158977985382,-0.19303062558174133
left arm,Matthew,Matthew_session07_filtered.npz,right_turn,411,0.1091306209564209,-1.1075279712677002
left arm,Matthew,Matthew_session08_filtered.npz,right_turn,410,0.10419109463691711,-1.5381062030792236
left arm,Matthew,Matthew_session09_filtered.npz,right_turn,409,0.12007039040327072,-0.15390868484973907
left arm,Matthew,Matthew_session10_filtered.npz,right_turn,410,0.11693006008863449,-0.42765113711357117
left arm,subject08,subject08_session01_filtered.npz,right_turn,410,0.16897068917751312,4.108728408813477
left arm,subject08,subject08_session02_filtered.npz,right_turn,410,0.11778564751148224,-0.35306963324546814
left arm,subject08,subject08_session03_filtered.npz,right_turn,410,0.11409835517406464,-0.674490749835968
left arm,subject08,subject08_session04_filtered.npz,right_turn,410,0.1178763210773468,-0.3451656103134155
left arm,subject08,subject08_session05_filtered.npz,right_turn,410,0.12183600664138794,0.0
left arm,subject08,subject08_session06_filtered.npz,right_turn,410,0.1176413744688034,-0.3656459152698517
left arm,subject08,subject08_session07_filtered.npz,right_turn,410,0.1194966658949852,-0.20392023026943207
left arm,subject12,subject12_session01_filtered.npz,right_turn,410,0.12923891842365265,0.6453114748001099
left arm,subject12,subject12_session02_filtered.npz,right_turn,410,0.5132118463516235,34.116214752197266
left arm,subject12,subject12_session04_filtered.npz,right_turn,410,0.07810273766517639,-3.812227249145508
left arm,subject12,subject12_session05_filtered.npz,right_turn,410,0.12263388186693192,0.06955074518918991
left arm,subject12,subject12_session06_filtered.npz,right_turn,410,0.24544475972652435,10.774970054626465
left arm,subject12,subject12_session07_filtered.npz,right_turn,410,0.12296143174171448,0.09810325503349304
left arm,Matthew,Matthew_session01_filtered.npz,signal_left,410,0.15257364511489868,0.9501816034317017
left arm,Matthew,Matthew_session02_filtered.npz,signal_left,410,0.10298652946949005,-0.060554537922143936
left arm,Matthew,Matthew_session03_filtered.npz,signal_left,410,0.09323764592409134,-0.2592664062976837
left arm,Matthew,Matthew_session04_filtered.npz,signal_left,410,0.07275558263063431,-0.6767531037330627
left arm,Matthew,Matthew_session05_filtered.npz,signal_left,410,0.06371378898620605,-0.8610523343086243
left arm,Matthew,Matthew_session06_filtered.npz,signal_left,410,0.0682065337896347,-0.7694765329360962
left arm,Matthew,Matthew_session07_filtered.npz,signal_left,410,0.07270166277885437,-0.6778521537780762
left arm,Matthew,Matthew_session08_filtered.npz,signal_left,410,0.07355193793773651,-0.6605209708213806
left arm,Matthew,Matthew_session09_filtered.npz,signal_left,410,0.08057976514101028,-0.5172724723815918
left arm,Matthew,Matthew_session10_filtered.npz,signal_left,410,0.0775042399764061,-0.5799610614776611
left arm,subject08,subject08_session01_filtered.npz,signal_left,410,0.1847299337387085,1.6056244373321533
left arm,subject08,subject08_session02_filtered.npz,signal_left,410,0.1379489153623581,0.6520851254463196
left arm,subject08,subject08_session03_filtered.npz,signal_left,410,0.13667869567871094,0.6261942386627197
left arm,subject08,subject08_session04_filtered.npz,signal_left,410,0.13904814422130585,0.674490749835968
left arm,subject08,subject08_session05_filtered.npz,signal_left,410,0.13943932950496674,0.6824643015861511
left arm,subject08,subject08_session06_filtered.npz,signal_left,410,0.13933591544628143,0.6803564429283142
left arm,subject08,subject08_session07_filtered.npz,signal_left,409,0.13984979689121246,0.6908308863639832
left arm,subject12,subject12_session01_filtered.npz,signal_left,410,0.10595735907554626,0.0
left arm,subject12,subject12_session02_filtered.npz,signal_left,410,0.6945298910140991,11.996896743774414
left arm,subject12,subject12_session04_filtered.npz,signal_left,410,0.08047366142272949,-0.5194352269172668
left arm,subject12,subject12_session05_filtered.npz,signal_left,410,0.10094203799962997,-0.10222748667001724
left arm,subject12,subject12_session06_filtered.npz,signal_left,410,0.21845677495002747,2.2930800914764404
left arm,subject12,subject12_session07_filtered.npz,signal_left,410,0.1294158548116684,0.4781554341316223
left arm,Matthew,Matthew_session01_filtered.npz,signal_right,409,0.1533169001340866,0.9560322165489197
left arm,Matthew,Matthew_session02_filtered.npz,signal_right,410,0.1507289856672287,0.913519024848938
left arm,Matthew,Matthew_session03_filtered.npz,signal_right,410,0.14838872849941254,0.8750742673873901
left arm,Matthew,Matthew_session04_filtered.npz,signal_right,410,0.05406168848276138,-0.674490749835968
left arm,Matthew,Matthew_session05_filtered.npz,signal_right,410,0.056668344885110855,-0.6316697001457214
left arm,Matthew,Matthew_session06_filtered.npz,signal_right,410,0.05277019739151001,-0.695706844329834
left arm,Matthew,Matthew_session07_filtered.npz,signal_right,410,0.0516669861972332,-0.7138299345970154
left arm,Matthew,Matthew_session08_filtered.npz,signal_right,410,0.0529642328619957,-0.6925193071365356
left arm,Matthew,Matthew_session09_filtered.npz,signal_right,410,0.07503046840429306,-0.33002445101737976
left arm,Matthew,Matthew_session10_filtered.npz,signal_right,410,0.0642509013414383,-0.5071066617965698
left arm,subject08,subject08_session01_filtered.npz,signal_right,410,0.16048996150493622,1.0738682746887207
left arm,subject08,subject08_session02_filtered.npz,signal_right,410,0.09730424731969833,0.03587985411286354
left arm,subject08,subject08_session03_filtered.npz,signal_right,410,0.09530670195817947,0.0030650158878415823
left arm,subject08,subject08_session04_filtered.npz,signal_right,410,0.09407565742731094,-0.017158066853880882
left arm,subject08,subject08_session05_filtered.npz,signal_right,410,0.09414087980985641,-0.016086621209979057
left arm,subject08,subject08_session06_filtered.npz,signal_right,410,0.09326684474945068,-0.030444903299212456
left arm,subject08,subject08_session07_filtered.npz,signal_right,410,0.09255264699459076,-0.04217744246125221
left arm,subject12,subject12_session01_filtered.npz,signal_right,410,0.14450238645076752,0.8112310767173767
left arm,subject12,subject12_session02_filtered.npz,signal_right,410,0.5475220084190369,7.431868076324463
left arm,subject12,subject12_session04_filtered.npz,signal_right,410,0.09512012451887131,0.0
left arm,subject12,subject12_session05_filtered.npz,signal_right,410,0.13306179642677307,0.6232898831367493
left arm,subject12,subject12_session06_filtered.npz,signal_right,410,0.2726137638092041,2.9157910346984863
left arm,subject12,subject12_session07_filtered.npz,signal_right,410,0.13995984196662903,0.73660808801651
left arm,Matthew,Matthew_session01_filtered.npz,horn,412,0.26899847388267517,1.6960753202438354
left arm,Matthew,Matthew_session02_filtered.npz,horn,410,0.2695358395576477,1.705199122428894
left arm,Matthew,Matthew_session03_filtered.npz,horn,409,0.25821760296821594,1.5130298137664795
left arm,Matthew,Matthew_session04_filtered.npz,horn,410,0.1793047934770584,0.17319053411483765
left arm,Matthew,Matthew_session05_filtered.npz,horn,410,0.15672102570533752,-0.21025316417217255
left arm,Matthew,Matthew_session06_filtered.npz,horn,410,0.20882998406887054,0.674490749835968
left arm,Matthew,Matthew_session07_filtered.npz,horn,410,0.20002102851867676,0.5249258875846863
left arm,Matthew,Matthew_session08_filtered.npz,horn,410,0.21503642201423645,0.7798681855201721
left arm,Matthew,Matthew_session09_filtered.npz,horn,411,0.19206847250461578,0.38990160822868347
left arm,Matthew,Matthew_session10_filtered.npz,horn,409,0.21814727783203125,0.8326866030693054
left arm,subject08,subject08_session01_filtered.npz,horn,410,0.16910435259342194,0.0
left arm,subject08,subject08_session02_filtered.npz,horn,410,0.1313328891992569,-0.6413114666938782
left arm,subject08,subject08_session03_filtered.npz,horn,410,0.13113772869110107,-0.6446250677108765
left arm,subject08,subject08_session04_filtered.npz,horn,409,0.13443565368652344,-0.5886304974555969
left arm,subject08,subject08_session05_filtered.npz,horn,410,0.13409766554832458,-0.594369113445282
left arm,subject08,subject08_session06_filtered.npz,horn,410,0.13063563406467438,-0.6531500220298767
left arm,subject08,subject08_session07_filtered.npz,horn,410,0.13137191534042358,-0.6406488418579102
left arm,subject12,subject12_session01_filtered.npz,horn,410,0.0984506756067276,-1.1996097564697266
left arm,subject12,subject12_session02_filtered.npz,horn,410,0.6202939748764038,7.6606268882751465
left arm,subject12,subject12_session04_filtered.npz,horn,410,0.07032942771911621,-1.6770727634429932
left arm,subject12,subject12_session05_filtered.npz,horn,410,0.09831885248422623,-1.2018479108810425
left arm,subject12,subject12_session06_filtered.npz,horn,410,0.2146647721529007,0.7735580801963806
left arm,subject12,subject12_session07_filtered.npz,horn,410,0.10941814631223679,-1.0133960247039795
